parnme,parval1
par1,4.0000000000
par2,2.0000000000
