,dvar1,dvar2
0,,0.752515535033648
1,0.12424278784978397,0.4983557164089283
3,0.12450124278773489,0.2458001608678334
4,0.1673808872073207,0.533131527120488
