,dvar1,dvar2
0,0.5356808768506467,1.2119414160299289
1,1.5203277442673064,0.2593929134806725
2,0.7382087400895015,0.4985537683266529
3,1.527388949341934,0.2593929134806725
4,0.41802368569390935,1.2119414160299289
