input_run_id,obj1,obj2
0,0.53568088,3.0787244742810898
1,1.5203277,0.917145840503075
2,0.73820874,1.85318416898444
3,1.5273888999999998,0.914105013773964
4,0.41802369,3.6041503200255605
