run_id,input_run_id,failed_flag,phi,meas_phi,regul_phi,OBJECTIVE,G_CONSTRAINT,OBJ1,OBJ2,CNSTR1,CNSTR2
0,0,0,20620114.226313,20620114.226313,0,13439125.4032784,7180988.82303462,317.994855005316,-182.402100379716,271.207375205316,39.4049003
1,1,0,5700387.19156119,5700387.19156119,0,4460067.45456335,1240319.73699784,172.621542365014,-121.665433288002,117.206161765014,-5.0321601
2,2,0,66977500.8175906,66977500.8175906,0,42450211.4522357,24527289.3653549,529.931483389509,-379.044505876225,497.118801389509,64.837423
3,3,0,68428376.8321794,68428376.8321794,0,39431858.7525036,28996518.0796758,537.732671901905,-324.287158386321,539.571761901905,-71.569661
4,4,0,3342888.60483821,3342888.60483821,0,2725968.43688459,616920.167953615,132.505762098878,-98.4982607939933,84.4353634988779,-3.1346623
