run_id,input_run_id,failed_flag,phi,meas_phi,regul_phi,OBJECTIVE,OBJ1,OBJ2
0,0,0,976.549839373495,976.549839373495,0,976.549839373495,0.53568088,3.07872447428109
1,1,0,315.255280813938,315.255280813938,0,315.255280813938,1.5203277,0.917145840503075
2,3,0,316.850482804991,316.850482804991,0,316.850482804991,1.5273889,0.914105013773964
3,4,0,1316.46433347416,1316.46433347416,0,1316.46433347416,0.41802369,3.60415032002556
