run_id,input_run_id,failed_flag,phi,meas_phi,regul_phi,OBJECTIVE,OBJ1,OBJ2
0,5,0,10906.0203862397,10906.0203862397,0,10906.0203862397,0.101922138792094,10.4426919776474
1,6,0,374.543269997214,374.543269997214,0,374.543269997214,0.946046667069594,1.68832117907069
2,7,0,371.527328124109,371.527328124109,0,371.527328124109,0.963021167128547,1.66968964568373
3,8,0,6481.29115034429,6481.29115034429,0,6481.29115034429,0.134802915865243,8.04951797794856
4,9,0,371.527294849866,371.527294849866,0,371.527294849866,0.963021167128547,1.66968954604173
