,dvar1,dvar2
8,0.8394646997149683,0.6312552960545049
5,0.14537852275999955,0.6318530392937706
6,0.14579274142091625,0.6318530392937706
7,0.8394646997149683,0.6312552960545049
