,dvar1,dvar2,par1
0,-1.2240003783321662,-3.7773030985936487,-1.1079170611608467
1,4.170303675360611,-1.557219066663944,-1.6241711369898089
2,-4.954277721285396,-2.633778327774343,0.6707228907397733
3,-0.9573044187422939,4.026967403829666,-0.8188032060072397
4,-0.4773854365795813,-4.355539710208411,2.5658745661730324
