run_id,input_run_id,failed_flag,phi,meas_phi,regul_phi,OBJECTIVE,OBJ1,OBJ2
0,0,0,911.497209247611,911.497209247611,0,911.497209247611,0.37762988,2.99539108735525
1,1,0,1135.00179959503,1135.00179959503,0,1135.00179959503,0.59134739,3.31667397558013
