,dvar1,dvar2
5,0.10192213879209358,0.6312809157204338
6,0.9460466670695943,0.6312908709385059
7,0.9630211671285467,0.6312908709385059
8,0.13480291586524323,0.6312808160784293
9,0.9630211671285467,0.6312907712965015
