,dvar1,dvar2
0,-14.155160486279526,8.416580078048273
1,-9.655844417531574,-4.896001513328665
2,-14.793777828456536,16.681214701442443
3,12.118327526402723,-19.817110885141584
4,-8.352990750222933,-3.8292176749691755
