,dvar1,dvar2,par1
0,1.9561468267311897,-2.823589880795491,4.112724690428655
1,-3.870441741364986,-1.9130366988830083,-1.9134988659688688
2,-1.7454669050295002,4.971716686165202,1.7595125654777233
3,3.4206000663474754,2.979731363761794,0.958815520225242
4,-1.4222539243313967,-0.011557391405320416,-3.6470740831145987
