,dvar1,dvar2
0,0.37762987690172256,0.3472955531483145
1,0.5913473901672502,1.6256205575041296
