run_id,input_run_id,failed_flag,phi,meas_phi,regul_phi,OBJECTIVE,OBJ1,OBJ2
0,0,0,1978.62204187126,1978.62204187126,0,1978.62204187126,0.18516876,5.37290183619901
1,1,0,3008.00065715538,3008.00065715538,0,3008.00065715538,0.014127216,6.39518872935154
2,2,0,1828.85712757384,1828.85712757384,0,1828.85712757384,0.029072186,5.16483738647016
3,3,0,2139.00329325607,2139.00329325607,0,2139.00329325607,0.91430325,5.62414197442078
4,4,0,1546.82837108495,1546.82837108495,0,1546.82837108495,0.96364566,4.93280587784506
