,curv_cond,mean_en_phi
1.1886165087921482e-07,1.6349886607384435e-05,78.9851137
3.385222450854973e-07,4.656506360570245e-05,78.9820264
9.641234962669127e-07,0.00013261897130487782,78.9732344
2.7458582989698955e-06,0.00037770358709517116,78.9481983
7.820302925108388e-06,0.0010757133636927763,78.8769264
2.2272503232742088e-05,0.003063670243984795,78.6742
6.343288808670182e-05,0.008725442743903411,78.0989208
0.00018065914050940083,0.02485037390267575,76.4774046
0.000514523712131557,0.07077475621887785,71.9945597
