,curv_cond,mean_en_phi
0.0004330596781961337,0.0002378298763335107,71.9935141
0.0012333694966758532,0.0006773480184045447,71.9915821
0.0035126805655674447,0.0019291114518069225,71.986083
0.010004240245093431,0.005494178608954188,71.9704475
0.0284924350544751,0.015647617745921077,71.9261274
0.08114747701422259,0.04456497659594966,71.8016081
0.2311109251695757,0.12692265182126627,71.4607628
0.6582122044703342,0.3614802649039768,70.6008897
