,curv_cond,mean_en_phi
2.5802256454919063e-05,0.003549201654720694,78.9853417
7.34857518701886e-05,0.0101082536169975,78.9826759
0.00020929005714527066,0.02878866886840705,78.975084
0.000596065589656709,0.0819911615417015,78.9534648
0.0016976161792826453,0.2335137689654922,78.8919148
0.004834871769433912,0.6650555897873813,78.7167995
0.013769888218635453,1.8941021742181605,78.2195348
0.03921713555102534,5.394470930655507,76.8151857
0.11169180870662902,15.363646701741121,72.9109152
