,par1,par2
mean,-0.33701942557136644,0.11370625364352077
