,par1,par2
mean,-0.33699288634735286,0.12312330927733742
