,par1,par2
mean,-0.33707918672033216,0.10984319212033093
