,par1,par2
mean,-0.33702092250164917,0.1137077505738035
