,par1,par2
mean,-0.33701597098700514,0.113774178572269
