,par1,par2
mean,-0.3370199245453551,0.11370675261750947
