,par1,par2
mean,-0.3370179668134267,0.11377617439869057
