,par1,par2
mean,-0.3369896691150811,0.3369896691150809
