,par1,par2
mean,-0.4138169162127239,-0.706183083787276
