,par1,par2
mean,-0.33701896474139964,0.11377717232666348
