,par1,par2
mean,-0.33701996268039386,0.11377817026565772
