,par1,par2
mean,-0.3383773846052856,0.029392511994354165
