,par1,par2
mean,-0.4337589756804595,-0.6481479250460095
