,par1,par2
mean,-1.2972338613106036,-1.8227661386893963
