,par1,par2
mean,-0.3370159885098173,0.1144762892332776
