,par1,par2
mean,-0.40018427381107924,-0.6683474093854039
