,par1,par2
mean,-0.3369927677565795,0.12313199068656407
