,par1,par2
mean,-0.3370169307421773,0.11370375881433169
