,par1,par2
mean,-0.33701742970235055,0.11370425777450492
