,par1,par2
mean,-0.3370169688962105,0.1137751764814744
