,par1,par2
mean,-0.3370184276319137,0.11370525570406807
