,par1,par2
mean,-0.33701792866678465,0.113704756738939
