,par1,par2
mean,-0.3370164317833771,0.11370325985553148
