,par1,par2
mean,-0.3370196100196094,0.11390972950537105
