,par1,par2
mean,-0.3369053463822283,0.13641098684219868
