,par1,par2
mean,-0.49702090430359,-0.2759011238119477
