,par1,par2
mean,-0.3370197283573124,0.1139010478430741
