,par1,par2
mean,-0.33701547203646653,0.1137736796217304
