,par1,par2
mean,-0.3370189266001676,0.11370575467232193
