,par1,par2
mean,-0.33701846577648725,0.11377667336175108
