,par1,par2
mean,-0.33701946370959157,0.11377767129485541
