,par1,par2
mean,-0.39775497683324507,-0.6841519238932239
