,par1,par2
mean,-0.3370164699399938,0.11377467752525763
