,par1,par2
mean,0.18875755368270708,-1.0687575536827074
