,par1,par2
mean,-0.3370204235206041,0.11370725159275845
