,par1,par2
mean,-0.3370174678532212,0.11377567543848503
