real_name,obj_1,obj_2
gen=10_member=100_de,10,23.1407
gen=10_member=101_de,0,55.3111
gen=10_member=102_de,8.16405,26.5789
gen=10_member=103_de,6.95876,32.6089
gen=10_member=104_de,10,33.1469
gen=10_member=105_de,0,54.6293
gen=10_member=106_de,4.89267,31.2115
gen=10_member=107_de,10,35.7388
gen=10_member=108_de,5.91457,39.1847
gen=10_member=109_de,6.40834,29.7424
