real_name,obj_1,obj_2
gen=4_member=40_de,4.31202,37.9588
gen=4_member=41_de,2.23621,45.0884
gen=4_member=42_de,4.50722,40.3027
gen=4_member=43_de,5.21144,38.5958
gen=4_member=44_de,2.30433,44.2143
gen=4_member=45_de,6.26376,36.4536
gen=4_member=46_de,6.00166,36.7255
gen=4_member=47_de,4.36526,39.0893
gen=4_member=48_de,3.30365,40.7823
gen=4_member=49_de,3.45925,40.639
