real_name,obj_1,obj_2
gen=6_member=60_de,3.27865,36.1855
gen=6_member=61_de,7.50646,29.2769
gen=6_member=62_de,5.3404,34.6988
gen=6_member=63_de,4.8084,33.8551
gen=6_member=64_de,4.6056,32.1947
gen=6_member=65_de,7.41688,28.9916
gen=6_member=66_de,5.10945,36.9721
gen=6_member=67_de,5.88135,30.1775
gen=6_member=68_de,6.83906,27.8803
gen=6_member=69_de,2.60382,37.4127
