real_name,obj_1,obj_2
gen=1_member=15_de,7.21327,36.002
gen=1_member=13_de,1.60308,45.0588
gen=0_member=9,10.3583,32.9082
gen=0_member=2,3.04113,31.1529
gen=0_member=1,0.46914,54.8448
gen=2_member=21_de,1.82776,42.4268
gen=1_member=10_de,4.81607,38.4392
gen=0_member=0,1.29653,47.2443
gen=0_member=4,1.75665,52.9103
