real_name,obj_1,obj_2
gen=3_member=30_de,2,35.6569
gen=3_member=31_de,10,18.6621
gen=3_member=32_de,8.00834,22.6944
gen=3_member=33_de,10,24.6853
gen=3_member=34_de,2,38.68
gen=3_member=35_de,0.0083424,39.2632
gen=3_member=36_de,0.0083424,46.6024
gen=3_member=37_de,0.0083424,47.3339
gen=3_member=38_de,4.1134,33.4221
gen=3_member=39_de,0.0083424,39.8877
