real_name,obj_1,obj_2
gen=1_member=10_de,4.81607,38.4392
gen=1_member=11_de,5.92848,40.5397
gen=1_member=12_de,5.37977,39.0754
gen=1_member=13_de,1.60308,45.0588
gen=1_member=14_de,4.22763,40.7976
gen=1_member=15_de,7.21327,36.002
gen=1_member=16_de,5.51061,41.8651
gen=1_member=17_de,6.74894,38.7039
gen=1_member=18_de,7.20264,37.6031
gen=1_member=19_de,5.92287,37.2268
