real_name,obj_1,obj_2
gen=11_member=110_de,5.55073,39.154
gen=11_member=111_de,2,43.5216
gen=11_member=112_de,0,64.0655
gen=11_member=113_de,5.91414,39.5199
gen=11_member=114_de,2,42.6389
gen=11_member=115_de,2.61681,42.8132
gen=11_member=116_de,8.0846,26.4298
gen=11_member=117_de,0,58.7087
gen=11_member=118_de,10,24.5396
gen=11_member=119_de,0.446344,49.6309
