real_name,obj_1,obj_2
gen=0_member=0,1.29653,47.2443
gen=0_member=1,0.46914,54.8448
gen=0_member=2,3.04113,31.1529
gen=0_member=3,5.07225,39.3665
gen=0_member=4,1.75665,52.9103
gen=0_member=5,8.28704,40.0139
gen=0_member=6,8.48468,37.3932
gen=0_member=7,6.77373,41.2011
gen=0_member=8,2.74707,44.3221
gen=0_member=9,10.3583,32.9082
