real_name,obj_1,obj_2
gen=9_member=90_de,2.88167,32.6081
gen=9_member=91_de,0,56.3014
gen=9_member=92_de,2.09915,34.3232
gen=9_member=93_de,8,34.0364
gen=9_member=94_de,0.58194,41.605
gen=9_member=95_de,2.38787,38.258
gen=9_member=96_de,0.787868,36.7946
gen=9_member=97_de,5.38319,37.1637
gen=9_member=98_de,0.0083424,50.999
gen=9_member=99_de,10,25.7476
