real_name,obj_1,obj_2
gen=11_member=110_de,6.58591,34.5418
gen=11_member=111_de,2.72566,47.8871
gen=11_member=112_de,3.29544,45.174
gen=11_member=113_de,8.42398,29.0254
gen=11_member=114_de,6.99098,31.6498
gen=11_member=115_de,7.71205,33.0814
gen=11_member=116_de,6.91951,29.4378
gen=11_member=117_de,2.87991,47.8801
gen=11_member=118_de,7.04518,30.2593
gen=11_member=119_de,3.02122,46.9587
