real_name,obj_1,obj_2
gen=7_member=70_de,6.43361,29.8902
gen=7_member=71_de,5.06214,30.8753
gen=7_member=72_de,4.94148,31.1368
gen=7_member=73_de,5.41632,33.176
gen=7_member=74_de,5.51197,32.2069
gen=7_member=75_de,2.51071,36.99
gen=7_member=76_de,3.55746,33.4621
gen=7_member=77_de,4.40729,33.253
gen=7_member=78_de,6.90737,31.5993
gen=7_member=79_de,7.26292,30.063
