prediction,PEST++,,PEST,
,prior,posterior,prior,posterior
pd_half,0.282928,0.245091,0.282928,0.245091
pd_ten,0.289607,0.245780,0.289607,0.245780
pd_one,0.212131,0.177751,0.212131,0.177751
