parameter,PEST++,PEST
mult1,0.001751,0.001751
kr01c35,0.249982,0.249982
kr01c38,0.249894,0.249894
kr01c44,0.249822,0.249822
