real_name,obj_1,obj_2
gen=1_member=15_de,7.21327,36.002
gen=1_member=13_de,1.60308,45.0588
gen=0_member=9,10.3583,32.9082
gen=0_member=2,3.04113,31.1529
gen=0_member=1,0.46914,54.8448
gen=2_member=21_de,1.82776,42.4268
gen=3_member=39_de,2.97035,39.7039
gen=0_member=0,1.29653,47.2443
gen=3_member=30_de,4.90811,39.609
gen=1_member=10_de,4.81607,38.4392
gen=3_member=38_de,4.0243,41.9484
gen=0_member=4,1.75665,52.9103
gen=3_member=34_de,4.71675,40.9972
