real_name,dv_0,dv_1,dv_10,dv_11,dv_12,dv_13,dv_14,dv_15,dv_16,dv_17,dv_18,dv_19,dv_2,dv_20,dv_21,dv_22,dv_23,dv_24,dv_25,dv_26,dv_27,dv_28,dv_29,dv_3,dv_4,dv_5,dv_6,dv_7,dv_8,dv_9,obj2_add_par,obj1_add_par,_risk_
0,0.504327,0.476927,0.00608652,0.34458,0.469191,0.631634,0.532643,0.539701,0.688094,0.317567,0.732539,0.544834,0.528854,0.117029,0.453639,0.1919,0.834562,0.640909,0.709189,0.389439,0.843734,0.344654,0.473005,0.747234,0.451793,0.284768,0.291408,0.569868,0.129706,0.300044,-0.371402,0.483283,0.706782
1,0.437737,0.418988,0.835672,0.66218,0.481709,0.622837,0.768033,0.571834,0.423228,0.361756,0.607702,0.995413,0.417265,1,0.91824,0.902523,0.617501,0.749221,0.0460213,0.681993,0.32457,0.379816,0.140358,0.171406,0.33859,0.659806,0.252221,0.425438,0.605303,0.779063,-0.33415,-0.164678,0.986644
2,0.317849,0.777974,0.740777,0.4499,0.336101,0.222653,0.408966,0.324077,0.71389,0.744246,0.805958,0.863803,0.578635,0.226453,0.380448,0.625152,0.618382,0.497225,0.321313,0.572178,0.330119,0.808899,0.576212,0.533411,0.470423,0.24723,0.295563,0.122229,1,0.470881,-0.5,-0.043828,0.660147
3,0.429121,0.383055,0.219169,0.155465,0.305157,0.450572,0.557026,0.202706,0.396206,0.197454,0.295331,0.495854,0.685423,0.424069,0.645135,0.720139,0.341001,0.0453398,0.489122,0.452274,0.137082,0.147711,0.500713,0.588511,0.308831,0.822734,0.505566,0.291557,0.199101,0.433153,0.380101,0.455093,0.172066
4,0.470398,0.338817,0.806592,0.821572,1,0.275394,0.439554,0.77372,0.233523,0,0.292638,0.476583,0.667557,0.780898,0.439585,0.32908,0.481998,0.481711,0.027464,0.572077,0.290988,0.638595,0.104181,0.532843,0.828468,0.0218323,0.469123,0.50976,0.456389,0.425175,-0.5,-0.0171117,0.320008
