real_name,obj_1,obj_2
gen=3_member=30_de,4.90811,39.609
gen=3_member=31_de,4.78613,38.4447
gen=3_member=32_de,4.30365,37.1735
gen=3_member=33_de,6.48135,36.2712
gen=3_member=34_de,4.71675,40.9972
gen=3_member=35_de,3.61227,39.9862
gen=3_member=36_de,3.12392,41.279
gen=3_member=37_de,3.37026,40.94
gen=3_member=38_de,4.0243,41.9484
gen=3_member=39_de,2.97035,39.7039
