real_name,obj_1,obj_2
gen=0_member=0,1.46121,47.7443
gen=0_member=1,0.0140468,55.1789
gen=0_member=2,2.58604,31.487
gen=0_member=3,5.08936,39.7379
gen=0_member=4,1.30156,53.2445
gen=0_member=5,7.83195,40.348
gen=0_member=6,8.02958,37.7274
gen=0_member=7,6.93841,41.7011
gen=0_member=8,2.91175,44.8221
gen=0_member=9,9.87502,32.528
