real_name,obj_1,obj_2
gen=2_member=20_de,4.40335,38.5456
gen=2_member=21_de,1.82776,42.4268
gen=2_member=22_de,5.27257,38.1009
gen=2_member=23_de,3.09902,40.6016
gen=2_member=24_de,4.16819,39.962
gen=2_member=25_de,4.9765,38.6333
gen=2_member=26_de,5.63728,38.7957
gen=2_member=27_de,4.4803,37.4142
gen=2_member=28_de,4.48965,37.9927
gen=2_member=29_de,3.04296,41.1366
