input_run_id,obj1,obj2
0,20.8982424468477,3.20974600898414
1,1.7672459424772,18.5368309553582
2,21.2386493531397,8.994410761191348
3,23.3818527967078,42.6533669409632
4,25.414819304840698,6.1651849734859505
