run_id,input_run_id,failed_flag,phi,meas_phi,regul_phi,OBJECTIVE,OBJ1,OBJ2
0,0,0,89146.7023764194,89146.7023764194,0,89146.7023764194,10.1564273994764,29.4187765578026
