run_id,input_run_id,failed_flag,phi,meas_phi,regul_phi,OBJECTIVE,OBJ1,OBJ2
0,0,0,98513.5555192793,98513.5555192793,0,98513.5555192793,30.6739825932949,11.2269405124711
1,1,0,34932.5066565375,34932.5066565375,0,34932.5066565375,19.5745641817288,3.07620616129791
2,2,0,251105.467859808,251105.467859808,0,251105.467859808,44.8047884229562,25.3350609166717
3,3,0,287157.585732418,287157.585732418,0,287157.585732418,28.3855677161307,47.0609003189191
4,4,0,24780.1631473205,24780.1631473205,0,24780.1631473205,16.7195624508957,1.83485796731794
