,dvar1,dvar2
0,-3.5387901215698814,2.1041450195120683
1,-2.4139611043828935,-1.2240003783321662
2,-3.698444457114134,4.170303675360611
3,3.0295818816006808,-4.954277721285396
4,-2.088247687555733,-0.9573044187422939
