,dvar1,dvar2,par1
0,3.958451251809478,0.3438972039519239,0.0
