time,UPSTREAM,DOWNSTREAM,GAGE1,GAGE2
1.000000000000,-1136.996510823351,-1882.037274895022,-865136.9965108217,-867019.0337857158
