group,mean_change,std_change,num_at_near_lbound,percent_at_near_lbound,num_at_near_ubound,percent_at_near_ubound,initial_cv,current_cv
k,101.83813388799747202,26.243240302768082728,13,2.8888888888888888395,34,7.5555555555555553582,1.352157880311225524,5.1965650421710307683
