group,mean_change,std_change,num_at_near_lbound,percent_at_near_lbound,num_at_near_ubound,percent_at_near_ubound,initial_cv,current_cv
k,110.28416462860337788,25.785796248159247313,8,1.851851851851851638,35,8.1018518518518511939,1.352157880311225524,2.0480575969088410382
