group,mean_change,std_change,num_at_near_lbound,percent_at_near_lbound,num_at_near_ubound,percent_at_near_ubound,initial_cv,current_cv
k,93.677063655516462859,17.627379004036004773,4,0.92592592592592581902,34,7.8703703703703702388,1.352157880311225524,2.7207893333134069991
