group,mean_change,std_change,num_at_near_lbound,percent_at_near_lbound,num_at_near_ubound,percent_at_near_ubound,initial_cv,current_cv
k,114.58671633724388528,23.888033921847785734,7,1.6908212560386473022,40,9.661835748792270806,1.352157880311225524,1.9369219615296193737
