group,mean_change,std_change,num_at_near_lbound,percent_at_near_lbound,num_at_near_ubound,percent_at_near_ubound,initial_cv,current_cv
k,189.74236341271591755,39.607980124295046664,13,3.1400966183574881008,77,18.59903381642511988,1.352157880311225524,1.4008982578420889897
