group,mean_change,std_change,num_at_near_lbound,percent_at_near_lbound,num_at_near_ubound,percent_at_near_ubound,initial_cv,current_cv
k,96.104526695999155095,18.089697385948408481,4,1.0101010101010101661,33,8.3333333333333321491,1.352157880311225524,2.2588627608443929695
