group,mean_change,std_change,num_at_near_lbound,percent_at_near_lbound,num_at_near_ubound,percent_at_near_ubound,initial_cv,current_cv
k,191.03049950566065718,38.881511574890268435,12,3.1746031746031744269,71,18.783068783068781471,1.352157880311225524,1.600444771950705114
