group,mean_change,std_change,num_at_near_lbound,percent_at_near_lbound,num_at_near_ubound,percent_at_near_ubound,initial_cv,current_cv
k,193.05020139865558804,38.939293031667347122,10,2.9239766081871341186,65,19.005847953216374435,1.352157880311225524,7.0336169928389509209
