group,mean_change,std_change,num_at_near_lbound,percent_at_near_lbound,num_at_near_ubound,percent_at_near_ubound,initial_cv,current_cv
k,189.7297211448731673,38.911926219347570566,17,4.1062801932367154478,86,20.772946859903381522,1.352157880311225524,1.1919670692916302102
