group,mean_change,std_change,num_at_near_lbound,percent_at_near_lbound,num_at_near_ubound,percent_at_near_ubound,initial_cv,current_cv
k,191.97381064059766231,39.484765230375941769,11,3.0555555555555553582,68,18.888888888888889284,1.352157880311225524,2.3297518169434532354
