group,mean_change,std_change,num_at_near_lbound,percent_at_near_lbound,num_at_near_ubound,percent_at_near_ubound,initial_cv,current_cv
k,100.64165035125193981,26.006630419960153233,3,0.83333333333333337034,31,8.6111111111111107164,1.352157880311225524,0.8530132476541574249
