iteration,total_runs,mean,standard_deviation,min,max,0,1,2,3,4
0,0,4.69186,3.1402,0.736152,8.1558,0.736152,3.98926,8.1558,2.98797,7.59014
