group,mean_change,std_change,num_at_near_lbound,percent_at_near_lbound,num_at_near_ubound,percent_at_near_ubound,initial_cv,current_cv
k,189.89964633082502132,30.006824911074126305,33,7.9710144927536221715,78,18.840579710144929493,1.352157880311225524,0.84306477194249040963
