group,mean_change,std_change,num_at_near_lbound,percent_at_near_lbound,num_at_near_ubound,percent_at_near_ubound,initial_cv,current_cv
k,190.65500743755703184,39.592334517305857844,12,3.0303030303030302761,74,18.686868686868688627,1.352157880311225524,1.5881869386479268158
