group,mean_change,std_change,num_at_near_lbound,percent_at_near_lbound,num_at_near_ubound,percent_at_near_ubound,initial_cv,current_cv
k,93.19301270189424713,18.168172528255940534,4,0.96618357487922701399,33,7.9710144927536221715,1.352157880311225524,2.1719917233840075887
