group,mean_change,std_change,num_at_near_lbound,percent_at_near_lbound,num_at_near_ubound,percent_at_near_ubound,initial_cv,current_cv
k,115.70344688961202451,24.638917965297167711,8,1.851851851851851638,41,9.4907407407407404776,1.352157880311225524,1.8851040168770052396
