group,mean_change,std_change,num_at_near_lbound,percent_at_near_lbound,num_at_near_ubound,percent_at_near_ubound,initial_cv,current_cv
k,112.97331169625223879,25.306901206001096938,7,1.6203703703703702388,38,8.7962962962962958358,1.352157880311225524,1.9097524024967020839
