group,mean_change,std_change,num_at_near_lbound,percent_at_near_lbound,num_at_near_ubound,percent_at_near_ubound,initial_cv,current_cv
k,189.62942228996561767,39.739822978414132137,13,3.1400966183574881008,85,20.531400966183575463,1.352157880311225524,1.2385271159027471111
