group,mean_change,std_change,num_at_near_lbound,percent_at_near_lbound,num_at_near_ubound,percent_at_near_ubound,initial_cv,current_cv
k,112.33455966705119522,24.443581864387454061,7,1.767676767676767513,42,10.606060606060605522,1.352157880311225524,1.0828728604451443029
