group,mean_change,std_change,num_at_near_lbound,percent_at_near_lbound,num_at_near_ubound,percent_at_near_ubound,initial_cv,current_cv
k,97.36626175744476086,18.336694666032681056,4,1.0101010101010101661,33,8.3333333333333321491,1.352157880311225524,2.3193709820156493961
