group,mean_change,std_change,num_at_near_lbound,percent_at_near_lbound,num_at_near_ubound,percent_at_near_ubound,initial_cv,current_cv
k,105.14039798529238112,25.796965721673160488,7,1.6203703703703702388,34,7.8703703703703702388,1.352157880311225524,2.2155923556223919846
