group,mean_change,std_change,num_at_near_lbound,percent_at_near_lbound,num_at_near_ubound,percent_at_near_ubound,initial_cv,current_cv
k,115.78026977801995656,24.607132617482715631,8,1.851851851851851638,42,9.7222222222222232091,1.352157880311225524,1.8854535815959312384
