name,prior_mean,prior_stdev,prior_lower_bound,prior_upper_bound,post_mean,post_stdev,post_lower_bound,post_upper_bound
K_02,0.39794,0.5,-0.60206,1.39794,-0.30103,0.404051,-1.10913,0.507073
K_03,0.39794,0.5,-0.60206,1.39794,1.08507,0.404051,0.276968,1.89317
K_04,0.39794,0.5,-0.60206,1.39794,0.255176,0.446675,-0.638173,1.14853
K_05,0.39794,0.5,-0.60206,1.39794,0.425086,0.402297,-0.379507,1.22968
K_06,0.39794,0.5,-0.60206,1.39794,0.397251,0.477452,-0.557653,1.35216
K_07,0.39794,0.5,-0.60206,1.39794,0.39794,0.5,-0.60206,1.39794
K_08,0.39794,0.5,-0.60206,1.39794,0.39794,0.5,-0.60206,1.39794
K_09,0.39794,0.5,-0.60206,1.39794,0.39794,0.5,-0.60206,1.39794
K_10,0.39794,0.5,-0.60206,1.39794,0.39794,0.5,-0.60206,1.39794
