group,mean_change,std_change,num_at_near_lbound,percent_at_near_lbound,num_at_near_ubound,percent_at_near_ubound,initial_cv,current_cv
k,111.0877269579714266,24.195842970738034694,7,1.851851851851851638,40,10.582010582010582311,1.352157880311225524,1.0935069307260638638
