group,mean_change,std_change,num_at_near_lbound,percent_at_near_lbound,num_at_near_ubound,percent_at_near_ubound,initial_cv,current_cv
k,88.698178726799213223,23.216981127065775325,5,1.4619883040935670593,23,6.7251461988304086503,0.8530132476541574249,0.66813369504950481659
