group,mean_change,std_change,num_at_near_lbound,percent_at_near_lbound,num_at_near_ubound,percent_at_near_ubound,initial_cv,current_cv
k,89.962184158906268294,22.916763243686911977,5,1.5432098765432098464,21,6.4814814814814809552,0.8530132476541574249,0.66344018811886640297
