group,mean_change,std_change,num_at_near_lbound,percent_at_near_lbound,num_at_near_ubound,percent_at_near_ubound,initial_cv,current_cv
k,91.677430550653028263,22.987968159552345071,5,1.6339869281045753535,20,6.5359477124183014141,0.8530132476541574249,0.64193560355032253106
