group,mean_change,std_change,num_at_near_lbound,percent_at_near_lbound,num_at_near_ubound,percent_at_near_ubound,initial_cv,current_cv
k,92.185150832157830791,23.435068596822755893,5,1.7361111111111111605,19,6.5972222222222223209,0.8530132476541574249,0.64946048787020982385
