group,mean_change,std_change,num_at_near_lbound,percent_at_near_lbound,num_at_near_ubound,percent_at_near_ubound,initial_cv,current_cv
k,105.30819991401654079,13.097900824516106155,6,1.851851851851851638,7,2.1604938271604936517,0.8530132476541574249,0.81106193427775796767
