group,mean_change,std_change,num_at_near_lbound,percent_at_near_lbound,num_at_near_ubound,percent_at_near_ubound,initial_cv,current_cv
k,107.37516808644289767,13.172909240893115879,6,1.6666666666666667407,11,3.0555555555555553582,0.8530132476541574249,0.84932438295348033908
