group,mean_change,std_change,num_at_near_lbound,percent_at_near_lbound,num_at_near_ubound,percent_at_near_ubound,initial_cv,current_cv
k,87.93937452637287322,23.118705106325641907,4,1.1111111111111111605,26,7.2222222222222214327,0.8530132476541574249,0.68870572003360974733
