group,mean_change,std_change,num_at_near_lbound,percent_at_near_lbound,num_at_near_ubound,percent_at_near_ubound,initial_cv,current_cv
k,104.98445018665789519,13.40436141707648865,5,1.4619883040935670593,8,2.3391812865497074725,0.8530132476541574249,0.80438626127249890363
