,dvar1,dvar2
0,-2.7069427534176485,0.8523232422627833
1,2.475409180354245,-0.15616574572755693
2,-1.6410066311078864,-2.9023485877544584
3,3.951838282678324,-3.6606808340030383
4,-3.3261911279267933,0.8523232422627833
