run_id,input_run_id,failed_flag,phi,meas_phi,regul_phi,OBJECTIVE,OBJ1,OBJ2
0,0,0,40082.3029897754,40082.3029897754,0,40082.3029897754,20.8982424468477,3.20974600898414
1,1,0,30812.9106293057,30812.9106293057,0,30812.9106293057,1.7672459424772,18.5368309553582
2,3,0,223595.031213203,223595.031213203,0,223595.031213203,23.3818527967078,42.6533669409632
3,4,0,62276.2537498345,62276.2537498345,0,62276.2537498345,25.4148193048407,6.16518497348595
