new_index,h01_04,h01_06
base,2.1,2.5
8,1.1838011387334593,2.725985486733755
7,1.2496537283448852,1.9756638973675438
6,2.536257604340917,2.8937105991386654
5,2.385295684781857,3.8634815124261457
4,2.2526305522045345,2.0699043091235123
3,1.8915012368941204,0.0995463661877043
2,0.025022399309970744,1.6028432155603012
1,2.6534389109567416,2.0306947152941004
0,1.7873481039082872,3.3871629403077383
