real_name,stage,k_01,k_02,k_03,k_04,k_05,k_06,k_07,k_08,k_09,k_10
0,1,2.5,0.934459,5.63721,4.69555,3.94017,1.04371,0.770852,2.78155,12.8531,1.27254
1,1,2.5,1.35397,5.62899,0.981912,1.08374,1.57092,1.53703,1.65446,1.40294,1.5457
2,1,2.5,1.81202,4.33946,0.352432,0.458766,12.2093,1.29478,11.4534,0.935104,0.931573
3,1,2.5,3.6673,3.93817,1.7781,1.45119,1.68175,4.59644,4.30689,2.4704,1.75776
base,1,2.5,2.5,2.5,2.5,2.5,2.5,2.5,2.5,2.5,2.5
