iteration,total_runs,mean,standard_deviation,min,max,0,1,2,3,4
0,0,1.30859,1.74083,0.059866,4.35168,0.059866,1.07867,4.35168,0.413092,0.639626
