real_name,stage,k_01,k_02,k_03,k_04,k_05,k_06,k_07,k_08,k_09,k_10
0,1,2.5,1.50092,1.18333,3.40474,1.71467,8.1492,0.773824,5.7165,1.96117,2.5
1,1,2.5,2.15024,0.623291,1.09969,1.55908,0.420452,0.795469,2.47355,7.31399,2.5
2,1,2.5,12.2021,0.31652,3.64642,0.328511,2.79731,2.04181,7.28038,0.843481,2.5
3,1,2.5,3.69924,7.17021,1.46029,0.621274,1.23986,2.48399,13.1032,1.84631,2.5
4,1,2.5,7.16967,17.2823,1.66098,0.857856,1.75195,1.4899,1.60039,0.430588,2.5
