group,mean_change,std_change,num_at_near_lbound,percent_at_near_lbound,num_at_near_ubound,percent_at_near_ubound,initial_cv,current_cv
k,152.31537340408840464,34.017938207772161263,18,4.1666666666666660745,31,7.175925925925925597,1.352157880311225524,2.1527022419625843064
