group,mean_change,std_change,num_at_near_lbound,percent_at_near_lbound,num_at_near_ubound,percent_at_near_ubound,initial_cv,current_cv
k,189.98696460505283312,30.018806073818765867,32,7.7294685990338161119,78,18.840579710144929493,1.352157880311225524,0.83946922131738155315
