group,mean_change,std_change,num_at_near_lbound,percent_at_near_lbound,num_at_near_ubound,percent_at_near_ubound,initial_cv,current_cv
k,191.96708189259311439,39.478718949678565764,11,3.0555555555555553582,68,18.888888888888889284,1.352157880311225524,2.3233565668769675661
