input_run_id,h01_04,h01_06
0,1.929,2.325
1,2.362,3.505
2,2.7889999999999997,4.468999999999999
3,1.476,2.654
4,1.349,2.225
5,1.452,2.0909999999999997
6,1.6640000000000001,2.69
