,k_02,k_03,k_04,k_05,k_06,k_07,k_08,k_09,k_10,feasible,nondominated,crowd_distance
2,5.846554703532355,8.00534064077056,1.9024938918661618,0.48785124009971664,2.012054800094325,1.0731885460925559,0.04131096522802794,6.072507850857371,7.3371660662150315,True,True,2e+30
3,0.22035719948989704,2.0829012476690294,1.6145141026023446,0.025000000000000005,25.000000000000007,2.6600722945990634,20.331436894279793,9.848127271206259,7.653244687774941,True,True,47.675
c_i0_0,0.08462607325520735,0.032870395496851716,0.29249930096513954,0.09619530400805484,6.08314530956258,3.4218194763062537,25.000000000000007,16.686617248389478,8.523720936291921,True,True,58.941
c_i0_1,0.025000000000000005,0.04105890703020906,11.115472519796477,0.025000000000000005,22.40659244632088,1.157737813713752,25.000000000000007,0.05674671576058155,0.635254617543127,True,True,2e+30
c_i0_2,1.4325196814708314,8.00534064077056,1.9024938918661618,0.48785124009971664,2.012054800094325,12.201840222883582,0.025000000000000005,0.025277874661093987,7.145461978766427,True,True,23.653000000000002
